,email,memory_pct,time
0,yes,77.2482063391,1517889027.86
1,no,77.2482063391,1517889035.27
2,no,77.2482063391,1517889044.66
